<?xml version="1.0" encoding="UTF-8"?><rss version="2.0"
	xmlns:content="http://purl.org/rss/1.0/modules/content/"
	xmlns:dc="http://purl.org/dc/elements/1.1/"
	xmlns:atom="http://www.w3.org/2005/Atom"
	xmlns:sy="http://purl.org/rss/1.0/modules/syndication/"
	
	>
<channel>
	<title>
	Comments for Portamemory	</title>
	<atom:link href="https://www.ninjoe365.com/comments/feed/" rel="self" type="application/rss+xml" />
	<link>https://www.ninjoe365.com</link>
	<description>pam production photobooth rental  saving your precocious moment</description>
	<lastBuildDate>Fri, 28 Oct 2022 04:03:52 +0000</lastBuildDate>
	<sy:updatePeriod>
	hourly	</sy:updatePeriod>
	<sy:updateFrequency>
	1	</sy:updateFrequency>
	<generator>https://wordpress.org/?v=6.1</generator>
</channel>
</rss>
