<?xml version="1.0" encoding="UTF-8"?><rss version="2.0"
	xmlns:content="http://purl.org/rss/1.0/modules/content/"
	xmlns:wfw="http://wellformedweb.org/CommentAPI/"
	xmlns:dc="http://purl.org/dc/elements/1.1/"
	xmlns:atom="http://www.w3.org/2005/Atom"
	xmlns:sy="http://purl.org/rss/1.0/modules/syndication/"
	xmlns:slash="http://purl.org/rss/1.0/modules/slash/"
	>

<channel>
	<title>Portamemory</title>
	<atom:link href="https://www.ninjoe365.com/feed/" rel="self" type="application/rss+xml" />
	<link>https://www.ninjoe365.com</link>
	<description>pam production photobooth rental  saving your precocious moment</description>
	<lastBuildDate>Fri, 28 Oct 2022 04:03:52 +0000</lastBuildDate>
	<language>en-US</language>
	<sy:updatePeriod>
	hourly	</sy:updatePeriod>
	<sy:updateFrequency>
	1	</sy:updateFrequency>
	<generator>https://wordpress.org/?v=6.1</generator>

<image>
	<url>https://www.ninjoe365.com/wp-content/uploads/2022/10/favicon.png</url>
	<title>Portamemory</title>
	<link>https://www.ninjoe365.com</link>
	<width>32</width>
	<height>32</height>
</image> 
</channel>
</rss>
